695.2999,523.5667,8000,19509,3.351603,0.1680194,0.4285991,-0.4566085,36.04069,0.3299516
695.2166,523.5667,8001,19509,3.126711,0.2527207,0.2393969,-0.01794697,35.23902,0.3490992
695.1246,523.3859,8002,19509,3.207059,0.1954699,0.4783076,-0.3902254,35.81093,0.3105257
695.4724,523.502,8003,19509,3.262838,0.2415162,0.2659278,-0.2553138,35.21661,0.2426573
695.4667,523.4735,8004,19509,3.471599,0.1778797,0.3374832,-0.636676,35.84939,0.1939494
695.1183,523.262,8005,19509,3.1689,0.2598886,0.2663034,-0.0579731,35.53288,0.264968
695.3112,523.3652,8006,19509,3.559407,0.1589776,0.4870013,-0.4493451,35.77228,0.3446418
695.2637,523.2596,8007,19509,3.108848,0.2550778,0.3847201,-0.1355211,34.92424,0.3267674
695.2889,523.5515,8008,19509,3.526326,0.1770636,0.3553733,-0.5546646,35.63417,0.3502392
694.8755,523.1721,8009,19509,3.100223,0.2792883,0.2845903,-0.4563735,35.03784,0.229961
695.082,523.2907,8010,19509,3.48999,0.1887007,0.3838354,-0.6834186,35.81217,0.2448352
694.8696,523.1185,8011,19509,3.251054,0.3017101,0.2162277,2.031418,35.00715,0.1876101
695.2023,523.296,8012,19509,3.392589,0.1923916,0.3998607,-0.5370518,35.81609,0.3424156
695.3234,523.2404,8013,19509,3.351475,0.245307,0.2903617,-0.6572107,35.32062,0.3079161
695.1992,523.3197,8014,19509,3.455662,0.1727402,0.3510957,-0.3932239,35.67147,0.4130205
695.2882,523.3969,8015,19509,3.525038,0.2158646,0.3259042,2.15312,35.56312,0.264135
695.2189,523.5443,8016,19509,3.487345,0.1650792,0.3958174,-0.6099617,35.81561,0.3083443
694.9128,523.3445,8017,19509,3.447638,0.2360295,0.4100968,2.298333,35.57438,0.2942073
694.2167,523.2509,8018,19509,3.48109,0.1923837,0.403871,-0.5760899,35.776,0.3866525
694.6729,523.2421,8019,19509,3.382677,0.24941,0.4236834,-0.5752397,35.38614,0.2185865
694.2305,523.2854,8020,19509,3.294327,0.2036944,0.4187806,-0.3243584,35.41963,0.2404064
694.6828,523.1708,8021,19509,3.097374,0.2592732,0.460329,-0.3045505,34.88321,0.304504
694.6453,523.2706,8022,19509,3.421031,0.1764428,0.4890023,-0.5363736,35.86613,0.3132576
694.5309,523.0202,8023,19509,3.322805,0.2274524,0.4287893,-0.652489,35.4452,0.2786005
694.6757,523.2679,8024,19509,3.46657,0.1631468,0.4898394,-0.4564772,35.73085,0.2510563
694.8874,523.2803,8025,19509,3.401708,0.220247,0.3809361,-0.3603677,35.42605,0.2457229
694.6934,523.3423,8026,19509,3.55528,0.1767412,0.4486056,-0.2327999,35.77638,0.1559383
694.8444,523.0121,8027,19509,3.241221,0.2420711,0.3053967,-0.6057428,35.30115,0.1692769
694.5753,522.9295,8028,19509,3.389965,0.1549708,0.468123,-0.348496,35.56083,0.2863834
695.0449,522.9456,8029,19509,3.287925,0.2433335,0.445318,-0.6794643,35.44884,0.2025218
695.4833,522.9012,8030,19509,3.564174,0.1584139,0.425863,-0.7388645,36.10077,0.3507354
695.1573,522.7656,8031,19509,3.331673,0.2021371,0.5296206,-0.6533743,35.63084,0.2939036
694.739,522.8273,8032,19509,3.71125,0.1423632,0.4003753,2.332304,36.03759,0.5254422
695.1984,523.0112,8033,19509,3.170059,0.2502761,0.359424,-0.5245093,35.44953,0.190654
695.1264,523.2651,8034,19509,3.318724,0.1709658,0.4185743,-0.3375513,36.04221,0.2574027
694.9015,523.3593,8035,19509,3.25444,0.2212483,0.2527649,-0.6236726,35.66962,0.1744532
695.1423,523.5809,8036,19509,3.437693,0.1618851,0.4590606,-0.4549469,35.96865,0.1793113
695.2462,523.7092,8037,19509,3.218336,0.2589507,0.2590092,-0.2373614,35.10674,0.2159177
694.8751,523.8182,8038,19509,3.313333,0.1988141,0.2986909,-0.3689496,35.58894,0.2663433
695.1354,523.5292,8039,19509,3.374662,0.2524916,0.168376,2.34385,35.50224,0.1946305
695.0989,523.5539,8040,19509,3.456197,0.1973064,0.3853233,-0.7280318,35.88623,0.3740717
694.8145,523.3571,8041,19509,3.318208,0.2366635,0.4130805,-0.6398644,35.53925,0.3332363
694.8334,523.4282,8042,19509,3.539875,0.1538775,0.4951403,-0.7255808,36.61953,0.3464837
694.8406,523.3297,8043,19509,3.396332,0.2309341,0.4363365,2.28989,36.0865,0.3705791
694.7159,523.4976,8044,19509,3.713253,0.1501855,0.4881606,2.321608,36.624,0.249801
695.0253,523.4504,8045,19509,3.392335,0.2347303,0.4276606,-0.7068521,35.76438,0.2460745
695.2855,523.4564,8046,19509,3.533803,0.1510991,0.5401158,-0.6169451,36.12931,0.1773492
694.6989,523.1577,8047,19509,3.390687,0.2179296,0.5001774,-0.7807117,35.82375,0.3342116
694.9127,523.3499,8048,19509,3.328905,0.1523831,0.5768822,-0.4113609,36.05314,0.2279936
694.6494,523.0872,8049,19509,3.2104,0.1799201,0.5370679,-0.5370697,35.8413,0.5707344
694.8406,523.377,8050,19509,3.542658,0.1324385,0.5416502,-0.5898678,36.4485,0.2479175
695.2753,523.3205,8051,19509,3.365081,0.2096332,0.4396983,-0.5979057,35.78433,0.322264
695.4039,523.327,8052,19509,3.439023,0.1576296,0.3981102,-0.4008363,35.93163,0.3915789
694.9832,523.2243,8053,19509,3.319574,0.2362688,0.4302284,2.273976,35.98034,0.291113
694.9774,523.355,8054,19509,3.449381,0.1836489,0.5186327,-0.6706491,36.25011,0.3334336
695.2263,523.2516,8055,19509,3.053863,0.2446472,0.4064059,-0.2241105,35.37152,0.2879972
695.1994,523.4952,8056,19509,3.399225,0.1925317,0.4650389,-0.4280848,35.91988,0.2191653
694.8649,523.402,8057,19509,3.507847,0.2329909,0.3850027,2.123843,36.04958,0.2135534
695.1784,523.6365,8058,19509,3.481241,0.182342,0.4336432,-0.6025583,36.20676,0.1701713
694.8346,523.4238,8059,19509,3.482864,0.231362,0.3933847,2.327649,35.95818,0.1816607
694.2663,523.473,8060,19509,3.467137,0.2172256,0.4379066,2.348369,36.11514,0.2113025
694.6989,523.4315,8061,19509,3.382126,0.2758892,0.4147817,2.310591,35.5817,0.1474904
695.2323,523.4327,8062,19509,3.455445,0.1911753,0.4373443,-0.5633274,35.97987,0.2465417
695.3362,523.3006,8063,19509,3.286093,0.2515676,0.3438859,-0.6997523,35.61653,0.203084
695.1867,523.2303,8064,19509,3.663631,0.159102,0.3617635,2.24878,36.20921,0.2321647
695.1363,523.2563,8065,19509,3.462925,0.2284095,0.3788601,2.287561,35.90693,0.2324223
695.0797,523.2263,8066,19509,3.507021,0.1566905,0.4069626,-0.5613065,36.2205,0.4248242
695.1839,523.0842,8067,19509,3.245637,0.2587393,0.4041889,-0.6748438,35.55238,0.2668284
695.1837,523.4197,8068,19509,3.558611,0.1713301,0.3596751,-0.6007077,35.6083,0.2914009
695.2625,523.1152,8069,19509,3.390902,0.2541077,0.3285136,-0.7672591,35.33896,0.2624061
695.108,523.3711,8070,19509,3.550921,0.1717344,0.3864139,-0.2926345,35.69315,0.458791
694.9855,523.176,8071,19509,3.177987,0.2776484,0.4221372,-0.5939511,35.33629,0.2926804
694.9174,522.908,8072,19509,3.672589,0.1508679,0.4940675,2.173101,36.03974,0.4788872
695.3506,522.7395,8073,19509,3.398645,0.184542,0.4308613,2.348003,35.89043,0.2923484
695.1981,523.0391,8074,19509,3.515773,0.159995,0.46182,2.263881,36.10616,0.3312559
695.1607,522.9144,8075,19509,3.332664,0.2310781,0.2373334,2.234954,35.70269,0.2650882
695.2654,523.2026,8076,19509,3.700759,0.1219766,0.5402822,-0.7242218,36.63028,0.3969024
695.4831,522.6818,8077,19509,3.110782,0.2383388,0.3029886,-0.5479441,35.50434,0.3112275
695.3538,522.8348,8078,19509,3.757273,0.1438744,0.4824238,2.257311,36.51862,0.4349339
695.1403,523.0237,8079,19509,3.193713,0.2561534,0.3045753,-0.548339,35.37911,0.3180639
695.1994,523.2389,8080,19509,3.679405,0.1490457,0.4622747,2.277995,35.9577,0.3545382
694.7951,523.3653,8081,19509,3.451393,0.2125587,0.4554763,-0.7658115,35.90334,0.2401194
694.7011,523.3405,8082,19509,3.540996,0.1661076,0.4997602,-0.7589321,36.13887,0.1153744
694.7612,523.1757,8083,19509,3.452075,0.2487653,0.4545637,2.273986,35.50048,0.1120354
694.9459,523.1095,8084,19509,3.529468,0.1795499,0.4488136,-0.7840171,35.91291,0.1912755
695.2407,523.1353,8085,19509,3.382021,0.2443309,0.3039844,2.048264,35.47407,0.1607916
695.2147,523.3289,8086,19509,3.518299,0.1625125,0.4782825,-0.579241,35.79462,0.1945717
695.2864,523.1126,8087,19509,3.434059,0.207468,0.3802772,-0.6136315,35.6514,0.2027263
695.5182,523.285,8088,19509,3.482234,0.1902938,0.4506684,-0.575404,35.48167,0.2688105
695.2099,523.3633,8089,19509,3.414187,0.2123601,0.3868673,-0.7213883,35.47643,0.2043084
695.2643,523.3787,8090,19509,3.51563,0.1746257,0.5690516,-0.5321662,35.36005,0.4219885
695.3197,523.4109,8091,19509,3.218822,0.2202737,0.4993287,-0.346758,35.00848,0.2971127
695.1791,523.2012,8092,19509,3.384062,0.1648537,0.6007949,-0.4839164,35.62141,0.4331681
694.9738,522.9252,8093,19509,3.056525,0.2107416,0.504832,-0.4507162,35.48951,0.3928931
694.6927,522.7768,8094,19509,3.33838,0.1248351,0.5636629,-0.4140253,36.18439,0.2616582
694.786,522.7192,8095,19509,3.21657,0.1804373,0.5733274,-0.5045691,35.83112,0.5688025
694.7366,523.0424,8096,19509,3.334861,0.1814154,0.4972828,-0.4963767,35.79166,0.2982781
694.9407,523.1494,8097,19509,3.163039,0.2536076,0.4782977,-0.4964302,35.09452,0.3768411
694.8948,523.2728,8098,19509,3.448509,0.1851613,0.470827,-0.5601288,35.64941,0.371152
695.1462,523.0641,8099,19509,3.183463,0.2380513,0.4764405,-0.4138973,35.24307,0.4338325
695.3401,523.1829,8100,19509,3.559243,0.1398855,0.5700905,-0.4696521,35.94432,0.439614
694.7709,522.9517,8101,19509,3.246912,0.2238511,0.5933275,-0.4378026,35.29009,0.3073725
694.6743,523.0253,8102,19509,3.469761,0.155557,0.6278219,-0.4428971,36.09848,0.3082913
695.1147,522.8607,8103,19509,3.250951,0.2301193,0.5571406,-0.4797429,35.2001,0.3165653
695.1306,523.2155,8104,19509,3.409697,0.1791184,0.5354943,-0.4443034,36.03141,0.2258542
695.0493,523.0851,8105,19509,3.077738,0.2817385,0.4761272,-0.3021948,34.97872,0.2377314
695.132,523.1672,8106,19509,3.598243,0.1491949,0.5322464,-0.5612125,35.98588,0.2868278
695.2108,523.157,8107,19509,3.142701,0.2919811,0.4022397,-0.3817491,34.77703,0.1653845
695.3082,523.6053,8108,19509,3.65737,0.177783,0.5407506,-0.4793152,35.63078,0.1972245
695.6056,523.4565,8109,19509,3.204489,0.2418327,0.4305579,-0.3419565,35.01979,0.09589549
695.6299,523.4367,8110,19509,3.516582,0.1603632,0.5400436,-0.418191,35.55989,0.1175372
695.4181,523.4327,8111,19509,3.409111,0.224773,0.38537,-0.6788801,35.24673,0.2452722
695.2449,523.3414,8112,19509,3.507376,0.1901013,0.5029187,-0.6818197,35.50935,0.1921432
695.251,523.4604,8113,19509,3.35872,0.2365178,0.4309328,-0.5774462,35.17321,0.1982565
695.3013,523.7077,8114,19509,3.483047,0.1816991,0.4831702,-0.4831086,35.51073,0.1429325
695.2748,523.2907,8115,19509,3.393655,0.232952,0.4743793,-0.5857986,35.16611,0.2604373
694.9852,523.4499,8116,19509,3.393208,0.2051587,0.4240435,-0.4490615,35.28669,0.1721946
695.3251,523.4041,8117,19509,3.440015,0.2401136,0.3625532,-0.6549415,35.09417,0.1895264
695.4954,523.8114,8118,19509,3.394822,0.202344,0.4609452,-0.1597865,35.13382,0.3208843
695.5444,523.648,8119,19509,3.324868,0.2606511,0.3890833,-0.2999664,34.37991,0.143925
694.9384,523.7849,8120,19509,3.406745,0.1962508,0.5087635,-0.3263423,34.94395,0.2468832
695.0889,523.3888,8121,19509,3.213605,0.251754,0.4088738,-0.3782366,34.90951,0.1563788
695.261,523.4738,8122,19509,3.440225,0.1790769,0.498976,-0.3417943,35.11258,0.2260119
695.2327,523.4527,8123,19509,3.417854,0.2221697,0.3453892,-0.5938804,35.04056,0.269426
695.1841,523.6634,8124,19509,3.628527,0.1797859,0.4276597,-0.5694612,35.50603,0.1721886
695.2983,523.6739,8125,19509,3.366724,0.2610944,0.2092955,-0.4569845,34.63592,0.2332745
695.24,523.7023,8126,19509,3.410614,0.1835473,0.5111048,-0.420241,35.37123,0.1970017
694.903,523.3683,8127,19509,3.245741,0.2403037,0.3803069,-0.5307225,34.95988,0.2093496
695.2657,523.6284,8128,19509,3.494688,0.1564985,0.4169646,-0.4699304,35.79951,0.2282661
695.8091,523.5291,8129,19509,3.209531,0.2322407,0.4320231,-0.08779063,35.02586,0.2670712
695.8865,523.5903,8130,19509,3.481882,0.1496371,0.3585389,-0.1906246,35.44894,0.5022708
695.5897,523.6832,8131,19509,3.359574,0.180015,0.454454,-0.1544472,35.0037,0.5024635
695.8333,523.6323,8132,19509,3.511401,0.1605689,0.4791066,-0.352083,35.3263,0.3939977
695.4358,523.4012,8133,19509,3.197743,0.243858,0.3954788,-0.3726074,34.85259,0.3383013
695.4594,523.5901,8134,19509,3.505322,0.1669172,0.5266973,-0.5988787,35.70276,0.4246085
695.2172,523.5936,8135,19509,3.390861,0.2055569,0.4376118,-0.6891659,35.51024,0.332871
695.1246,523.3899,8136,19509,3.575465,0.1482735,0.5495707,-0.670682,36.03236,0.2752696
694.7902,523.0219,8137,19509,3.307719,0.1953283,0.560249,-0.5560377,35.66996,0.4281564
695.334,523.3468,8138,19509,3.447921,0.1282367,0.5532965,-0.4289088,35.82689,0.5521364
695.2971,523.0954,8139,19509,3.205104,0.2082378,0.5197106,-0.4642193,35.6412,0.3813207
695.3306,523.2217,8140,19509,3.5771,0.1333064,0.5050159,-0.6510936,36.14921,0.5807452
694.8267,523.163,8141,19509,3.073581,0.2201351,0.4974558,-0.4451245,35.47696,0.2714676
694.6614,523.2617,8142,19509,3.429557,0.1604078,0.5028734,-0.5572876,35.81416,0.2240819
695.2125,523.2253,8143,19509,3.17485,0.2404983,0.4164219,-0.647132,35.65368,0.3653554
694.8458,523.2259,8144,19509,3.442788,0.1251582,0.5767359,-0.5700172,36.0956,0.3763889
694.9539,522.8941,8145,19509,3.283739,0.1660608,0.5729915,-0.5523798,36.00968,0.366261
695.0798,523.2098,8146,19509,3.247644,0.1551482,0.5449663,-0.3006067,36.07155,0.3737805
695.2903,523.2216,8147,19509,3.273217,0.2164604,0.4024068,-0.6902432,35.63295,0.3753976
694.8508,523.303,8148,19509,3.460404,0.1462089,0.5483505,-0.5481917,35.94292,0.3204589
695.2855,523.1985,8149,19509,3.167997,0.1927962,0.461091,-0.4208319,35.60589,0.3866622
695.2868,523.613,8150,19509,3.488629,0.1275685,0.5086747,-0.2694721,35.97929,0.4187848
695.3981,523.5089,8151,19509,3.277329,0.2073819,0.4643349,-0.4510159,35.32964,0.2495285
695.333,523.5021,8152,19509,3.205867,0.1690392,0.4000264,-0.1592958,35.46537,0.270208
695.5375,523.4368,8153,19509,3.045505,0.202937,0.354469,-0.286796,35.36588,0.4577912
695.8621,523.4676,8154,19509,3.289967,0.1701529,0.2794011,-0.4568673,35.86109,0.4049487
695.3958,523.2915,8155,19509,3.287662,0.2152267,0.3624728,-0.5543005,35.59348,0.4473067
695.248,523.2032,8156,19509,3.734428,0.1233927,0.40685,-0.7623264,36.38755,0.4751158
695.3328,523.363,8157,19509,3.365225,0.2103794,0.5011017,-0.6837749,35.61329,0.3585194
695.0296,523.1722,8158,19509,3.630106,0.1256436,0.5675625,-0.5270706,36.34019,0.2292014
695.4833,523.0684,8159,19509,3.299182,0.2190546,0.4775481,-0.6249689,35.74209,0.2188645
695.3678,523.077,8160,19509,3.502074,0.1285753,0.4569338,-0.6487302,36.52416,0.2367432
695.4302,523.2825,8161,19509,3.132979,0.2126586,0.5055479,-0.420017,35.70663,0.1966157
694.9688,523.4849,8162,19509,3.509763,0.151942,0.5234278,-0.6493387,36.11985,0.1943859
694.8693,523.2269,8163,19509,3.061467,0.2436272,0.4654748,-0.3204249,35.59335,0.2730604
694.8782,523.4561,8164,19509,3.531747,0.1521549,0.4551188,-0.6703154,36.30739,0.2560069
694.9811,523.0967,8165,19509,3.091192,0.2267572,0.4517854,-0.4417675,35.92015,0.2618027
694.5493,523.178,8166,19509,3.241375,0.1456738,0.5529381,-0.609105,36.19286,0.3763039
694.8636,522.9885,8167,19509,3.155613,0.1856348,0.5296178,-0.4987044,35.98426,0.4316599
694.7407,523.2429,8168,19509,3.47808,0.1429991,0.5162398,-0.6011034,36.47507,0.2117707
694.6332,523.2599,8169,19509,3.410138,0.1876503,0.5070585,-0.6087908,36.11663,0.3201326
694.3411,523.391,8170,19509,3.532122,0.1519383,0.5421614,-0.6154932,36.18805,0.3651646
694.2434,523.1028,8171,19509,3.253088,0.1952595,0.5358022,-0.5188633,35.66024,0.3478308
694.9943,523.5986,8172,19509,3.588353,0.1264849,0.508988,-0.5504065,36.29247,0.2147293
695.105,523.4344,8173,19509,3.078775,0.2500012,0.5017024,-0.3755874,35.354,0.2547832
695.019,523.4012,8174,19509,3.507864,0.1441282,0.4725805,-0.5144834,35.88086,0.2687313
695.6535,523.349,8175,19509,3.338679,0.2210895,0.3507566,-0.6792737,35.44117,0.2428576
695.7388,523.465,8176,19509,3.364911,0.1466094,0.3909076,-0.2037503,36.06285,0.2677779
695.3545,523.519,8177,19509,3.186697,0.2682025,0.397757,-0.6459417,35.55202,0.1131416
695.4558,523.5684,8178,19509,3.282126,0.1892762,0.3736973,-0.3144235,35.59105,0.1755898
695.6732,523.5966,8179,19509,3.396903,0.2081525,0.2413772,0.2869266,35.75499,0.1382967
695.3329,523.5927,8180,19509,3.514994,0.1611452,0.5322662,-0.5846025,36.14116,0.270353
695.0016,523.4364,8181,19509,3.18017,0.2269345,0.4855974,-0.4342919,35.82147,0.2453948
694.6028,523.6216,8182,19509,3.472308,0.1939434,0.487768,-0.6234078,35.80062,0.2748876
695.4172,523.5432,8183,19509,3.193793,0.2635822,0.2803505,-0.4789612,35.35689,0.1957625
695.1247,523.5543,8184,19509,3.428901,0.181242,0.5135577,-0.5349435,35.84505,0.2145551
694.8866,523.4395,8185,19509,3.198903,0.2407171,0.3641579,-0.5598111,35.39917,0.2567433
694.8807,523.6169,8186,19509,3.250958,0.1827258,0.4184269,-0.2673922,35.60907,0.2745001
695.0679,523.32,8187,19509,3.016708,0.2882689,0.4090259,-0.3676498,35.07436,0.1741088
695.541,523.3743,8188,19509,3.467471,0.1604208,0.4936361,-0.526646,35.90421,0.2263353
695.3285,523.5992,8189,19509,3.15097,0.2415394,0.2074395,0.0858921,35.31042,0.1510338
695.2167,523.7413,8190,19509,3.351908,0.1723385,0.423787,-0.4239174,35.79515,0.1707461
695.2142,523.3079,8191,19509,3.303722,0.2216649,0.4582064,-0.5543706,35.70435,0.1869909
695.1946,523.3386,8192,19509,3.440274,0.1710383,0.5430893,-0.4661672,35.86764,0.1466868
695.2878,523.1055,8193,19509,3.393463,0.1989467,0.4736519,-0.590476,35.79044,0.275001
694.9626,523.1924,8194,19509,3.57648,0.1329113,0.558003,-0.3737806,36.06793,0.3100041
695.048,523.1946,8195,19509,3.406932,0.2095584,0.4828836,-0.5727697,35.60297,0.2833913
695.0068,523.1432,8196,19509,3.459983,0.1623235,0.4892813,-0.52846,36.0962,0.2543802
695.2265,523.2517,8197,19509,3.202076,0.2474264,0.3634223,-0.6589328,35.60571,0.1413083
695.0844,523.4686,8198,19509,3.616697,0.1571368,0.4808658,-0.6669653,36.12738,0.2418204
695.5561,523.6578,8199,19509,3.506359,0.1975193,0.3491571,-0.6133683,35.33891,0.3405558
695.4987,523.7929,8200,19509,3.505967,0.1692619,0.3771169,-0.4072559,35.97379,0.2556665
695.3699,523.5673,8201,19509,3.181133,0.2499512,0.2598666,-0.2886325,35.19913,0.3146404
695.2922,523.7753,8202,19509,3.424043,0.1896288,0.4502331,-0.2181627,35.61356,0.241172
694.957,523.5321,8203,19509,3.295144,0.229042,0.448954,-0.606963,35.41729,0.163235
695.3842,523.6712,8204,19509,3.254664,0.1825522,0.3529219,-0.1775613,35.74223,0.3056938
695.1896,523.4944,8205,19509,3.294454,0.2311638,0.3593376,-0.7105728,35.85645,0.1714046
695.0504,523.6992,8206,19509,3.500865,0.163158,0.4795443,-0.4318765,35.97665,0.267332
694.7228,523.5726,8207,19509,3.430348,0.2613821,0.5018766,-0.6740552,35.49793,0.1638738
694.5491,523.7206,8208,19509,3.532843,0.193189,0.4971943,-0.7723885,35.81295,0.1125341
694.8687,523.5276,8209,19509,3.435461,0.228533,0.4979877,-0.5910662,35.40604,0.1856375
694.8219,523.3708,8210,19509,3.411589,0.1867197,0.5093997,-0.4978569,35.69741,0.2838888
695.2488,523.2217,8211,19509,3.295878,0.240213,0.5111346,-0.5993564,35.63093,0.2317627
694.9011,523.2906,8212,19509,3.656285,0.1452547,0.552111,-0.6203226,35.94788,0.2948667
695.0518,523.2401,8213,19509,3.384612,0.2352909,0.4089353,-0.7168034,35.49652,0.2465192
694.8393,523.2168,8214,19509,3.525344,0.1669114,0.4721122,-0.4830337,35.73335,0.1194268
695.1566,522.9937,8215,19509,3.233002,0.244761,0.4163599,-0.6055877,35.35595,0.2491136
694.724,522.8609,8216,19509,3.502666,0.1602343,0.5062903,-0.6676117,36.05479,0.2873782
694.861,522.5367,8217,19509,3.439195,0.1986875,0.5508004,-0.6600076,35.77469,0.3448054
695.2377,523.0832,8218,19509,3.533877,0.1558969,0.4702638,-0.5223351,35.73579,0.3029508
694.9506,522.9623,8219,19509,3.311764,0.2228898,0.5007568,-0.5295882,35.48009,0.3348606
694.782,523.3336,8220,19509,3.56122,0.1821232,0.5441828,-0.7227804,35.61696,0.4570184
695.1514,523.2957,8221,19509,3.296003,0.2563841,0.4815538,-0.6433549,35.0982,0.3480119
695.2737,523.3341,8222,19509,3.714666,0.150491,0.6367374,-0.5946324,35.62792,0.5463413
695.1559,523.2239,8223,19509,3.5564,0.1805256,0.5910841,-0.6114242,35.63546,0.7042476
694.5999,523.4331,8224,19509,3.319992,0.199253,0.5666079,-0.4010062,35.39438,0.3346704
694.7682,523.2324,8225,19509,3.335238,0.2181709,0.5590845,-0.5173662,35.12756,0.374694
695.0273,523.4847,8226,19509,3.704393,0.1470067,0.5609065,2.267596,36.23012,0.2769176
695.378,523.187,8227,19509,3.458868,0.1964674,0.4493333,2.340917,35.93495,0.312094
695.2687,523.4221,8228,19509,3.5305,0.1600376,0.3909862,-0.6859327,35.95359,0.2104312
695.1142,522.9734,8229,19509,3.578366,0.1680402,0.4800164,-0.7398512,36.31532,0.2710836
695.0471,522.938,8230,19509,3.695411,0.1253671,0.534766,-0.684087,36.35391,0.4351611
695.1131,522.9692,8231,19509,3.607755,0.1753749,0.5717652,-0.7361529,35.9013,0.4276341
695.5856,523.193,8232,19509,3.672001,0.1458983,0.5438579,-0.7217733,36.09806,0.338912
695.3611,523.4666,8233,19509,3.492117,0.2078439,0.4885165,-0.7116782,35.64174,0.2903004
695.3201,523.4088,8234,19509,3.40849,0.1637099,0.5398691,-0.4912694,35.8717,0.4247743
695.5229,523.0182,8235,19509,3.170928,0.2029497,0.5181105,-0.3748347,35.2517,0.5271184
695.1885,523.0468,8236,19509,3.384414,0.1570102,0.4985338,-0.5474023,35.98059,0.5428368
695.474,522.9642,8237,19509,3.288368,0.1852386,0.5078692,-0.6156997,35.91162,0.5816147
695.3936,523.0962,8238,19509,3.4431,0.1476814,0.6242883,-0.662962,35.95584,0.3660757
695.2649,523.0018,8239,19509,3.317916,0.21731,0.4712334,-0.7019284,35.98937,0.4481015
695.1646,522.9525,8240,19509,3.520108,0.1313519,0.5227852,2.285212,36.56926,0.476615
694.9136,523.0092,8241,19509,3.155835,0.2179985,0.5166658,-0.6042289,35.87391,0.339749
694.8782,522.9258,8242,19509,3.336825,0.143669,0.5606411,-0.7716887,36.57764,0.1720488
694.9434,522.7871,8243,19509,3.292342,0.184297,0.5915275,-0.7193367,36.02483,0.4892121
694.6021,522.8862,8244,19509,3.606478,0.105761,0.606573,-0.6654931,36.66692,0.5049473
694.7078,522.8401,8245,19509,3.391699,0.1788537,0.626047,-0.6974221,36.17892,0.4108116
694.9059,522.9256,8246,19509,3.612394,0.1093296,0.5840232,-0.733476,36.50002,0.2703557
695.0232,522.7738,8247,19509,3.386066,0.1768584,0.6293052,-0.6867341,35.99827,0.4266562
694.8913,522.8604,8248,19509,3.615798,0.1234272,0.635992,-0.7072434,36.54545,0.1426795
695.2008,522.579,8249,19509,3.423103,0.1666232,0.5722553,-0.749837,35.96492,0.4559188
694.8881,522.5669,8250,19509,3.863594,0.08355663,0.6337494,-0.7279781,36.87371,0.6114838
694.9361,522.7335,8251,19509,3.314279,0.199337,0.5475546,-0.681514,35.78087,0.2997396
695.1541,523.0879,8252,19509,3.719119,0.1436944,0.5127827,2.318885,35.99418,0.4174528
695.2097,523.1322,8253,19509,3.370833,0.237181,0.4211276,2.309077,35.59625,0.4097542
695.4115,523.5315,8254,19509,3.52655,0.1537917,0.4253551,-0.5699745,35.61039,0.2539501
695.4554,523.3018,8255,19509,3.172982,0.2151749,0.3993225,-0.3418285,35.20211,0.3540621
695.6904,523.5293,8256,19509,3.312567,0.1954017,0.4052058,-0.3125965,35.50486,0.3508889
695.3593,523.3583,8257,19509,3.234096,0.2437657,0.4496776,-0.378567,35.19159,0.2192551
694.9511,523.5606,8258,19509,3.466061,0.1801263,0.5678396,-0.3462766,35.57881,0.1861743
695.1759,523.3789,8259,19509,3.09184,0.2637925,0.428344,-0.3055212,35.06984,0.2914419
695.072,523.4415,8260,19509,3.489088,0.1713207,0.5007156,-0.3533637,35.54668,0.2871052
695.1542,523.342,8261,19509,3.424826,0.2140683,0.4157121,-0.6337287,35.34969,0.2111682
694.9672,523.2594,8262,19509,3.353721,0.1971208,0.5210577,-0.4607893,35.42027,0.1352538
695.1802,523.3758,8263,19509,3.264853,0.2613929,0.4186615,-0.4953725,34.99879,0.26174
695.2718,523.7109,8264,19509,3.595558,0.1576115,0.4611163,-0.3826452,35.68456,0.3426766
695.6033,523.8724,8265,19509,3.457026,0.1846647,0.4174494,-0.3221275,35.39207,0.3215183
694.748,524.3191,8266,19509,3.527783,0.1833969,0.5177034,-0.457054,35.51925,0.2576168
695.3309,523.9048,8267,19509,3.334026,0.2276018,0.3223138,-0.3554844,35.05844,0.3317077
695.5062,524.2104,8268,19509,3.33028,0.2158895,0.3745282,-0.1653092,35.05469,0.2485951
695.1725,524.0756,8269,19509,3.626176,0.2152393,0.3062327,-0.6568176,35.29747,0.3152282
694.4833,524.6511,8270,19509,3.372473,0.1883309,0.5236585,-0.2283126,35.28956,0.2127229
693.7988,524.8052,8271,19509,3.431216,0.2252858,0.2769389,-0.03963714,34.98125,0.2829186
694.073,524.6638,8272,19509,3.430346,0.2305951,0.3886077,-0.3239028,34.99025,0.1889119
694.1036,523.9427,8273,19509,3.63236,0.1877235,0.406515,-0.5443056,35.49425,0.3650083
693.9905,524.3262,8274,19509,3.604954,0.1791179,0.5022396,-0.6160484,35.44945,0.2068572
694.2544,524.0836,8275,19509,3.565886,0.19383,0.4659481,-0.5594541,35.33492,0.3913043
694.168,524.3807,8276,19509,3.715588,0.1894945,0.534021,2.28923,35.76512,0.1627234
694.4493,524.1918,8277,19509,3.580819,0.2280367,0.4076716,1.997836,35.27884,0.3030045
694.3786,524.3895,8278,19509,3.477099,0.2046071,0.4565242,-0.3757555,35.17873,0.1180841
694.7052,524.6307,8279,19509,3.50858,0.2292805,0.3519125,-0.4064545,34.91372,0.2777297
694.5886,524.3975,8280,19509,3.589567,0.2061232,0.576965,-0.4830294,35.32412,0.2668113
694.762,524.621,8281,19509,3.63672,0.1995838,0.2709632,0.4462971,35.29766,0.2936068
694.5153,524.548,8282,19509,3.518744,0.1952764,0.4221704,-0.3893783,35.10341,0.2483903
694.4495,524.0989,8283,19509,3.585642,0.1985539,0.277758,-0.6153311,35.5642,0.3541508
694.5035,524.7227,8284,19509,3.550428,0.1663761,0.4849569,-0.3078573,35.61961,0.2618192
694.5674,524.6131,8285,19509,3.379879,0.2196383,0.3561738,-0.06411408,34.8283,0.266829
694.0637,525.3114,8286,19509,3.371173,0.2576266,0.4921058,-0.2281512,34.9772,0.2399459
693.7216,525.139,8287,19509,3.407769,0.2533903,0.3168806,-0.3636518,35.24849,0.2185815
693.5064,525.295,8288,19509,3.390422,0.2553589,0.5036067,-0.2571376,35.12623,0.2195534
693.7917,525.378,8289,19509,3.240325,0.2744287,0.2930013,-0.04660462,35.14259,0.3300329
694.2507,524.7656,8290,19509,3.338941,0.2177829,0.4009379,-0.0984905,35.20012,0.3136708
695.0758,524.3051,8291,19509,3.347322,0.2250342,0.2562056,-0.18536,35.33645,0.2973966
694.4542,525.0399,8292,19509,3.42268,0.2431356,0.485915,-0.4094298,35.47303,0.174497
694.2114,524.7015,8293,19509,3.633365,0.187315,0.3999013,-0.6664928,35.5739,0.4319842
694.3231,524.4594,8294,19509,3.597868,0.1552549,0.4407498,-0.5966648,35.72985,0.3120489
694.1528,524.2962,8295,19509,3.610183,0.1589921,0.471179,-0.6019428,35.90944,0.3400643
693.356,524.6791,8296,19509,3.59996,0.1777354,0.4977617,-0.5490828,35.56573,0.3428539
693.8766,524.3895,8297,19509,3.629234,0.2000301,0.5259633,-0.6249043,35.75856,0.3349676
693.1177,524.4212,8298,19509,3.509702,0.1551195,0.5816742,-0.4815453,35.62769,0.2940818
693.1667,524.8873,8299,19509,3.737208,0.1807485,0.4965545,2.336946,35.75238,0.2968949
693.4453,525.0081,8300,19509,3.688051,0.158562,0.5880373,-0.5165985,35.83822,0.3142433
693.7538,525.0883,8301,19509,3.553975,0.1712331,0.5099238,-0.3682412,35.63527,0.3921156
693.5271,525.2897,8302,19509,3.398044,0.1927642,0.5992066,-0.2871674,35.36594,0.2532492
693.2705,525.272,8303,19509,3.468466,0.1665941,0.3660581,-0.3200963,35.22932,0.4905167
693.3574,524.9952,8304,19509,3.641112,0.1275976,0.5715733,-0.28048,35.76336,0.2582521
693.38,525.4767,8305,19509,3.654691,0.1666412,0.3771918,-0.4173442,35.51786,0.3981688
693.0747,526.1899,8306,19509,3.262592,0.2307206,0.5158853,-0.1399788,34.84127,0.3274162
693.1254,526.4664,8307,19509,3.467674,0.1856688,0.4981372,-0.1709805,35.09485,0.421926
692.723,526.425,8308,19509,3.480554,0.1888402,0.5799366,-0.1532228,34.95253,0.4454992
692.9611,526.3899,8309,19509,3.410601,0.207209,0.5250669,-0.1541206,34.9879,0.3098049
693.5724,526.2654,8310,19509,3.451849,0.197444,0.5564969,0.01577263,35.38783,0.2770743
693.5431,525.8828,8311,19509,3.273611,0.2186434,0.4370358,-0.1640278,34.68458,0.3055635
693.4427,525.5511,8312,19509,3.429656,0.1967826,0.5362331,-0.2326279,35.17641,0.32992
693.7071,526.0791,8313,19509,3.329388,0.2243766,0.3761098,0.02589002,34.87381,0.3806256
693.7988,526.2497,8314,19509,3.523146,0.2307163,0.5674357,-0.06155038,34.85636,0.4203215
693.97,526.1302,8315,19509,3.445727,0.2364951,0.4145775,0.1666694,34.79279,0.3709856
693.4604,526.1224,8316,19509,3.340894,0.2669624,0.5324819,-0.2013115,34.46251,0.3068393
693.828,525.9904,8317,19509,3.405989,0.2400781,0.4693571,0.04932449,34.8148,0.3491854
693.8655,525.7755,8318,19509,3.42351,0.2049669,0.5425579,-0.1669164,34.76949,0.4169573
694.2081,525.9302,8319,19509,3.484718,0.2292783,0.4794919,0.1805133,34.9253,0.2695501
694.3773,526.106,8320,19509,3.515845,0.2008298,0.5528521,0.1323653,35.08347,0.3404252
694.5635,526.2434,8321,19509,3.424496,0.2519848,0.4289376,0.3281606,34.46189,0.2388073
695.0513,525.8016,8322,19509,3.398987,0.1886763,0.5077024,0.1303341,34.78246,0.4703729
694.8229,525.6879,8323,19509,3.474903,0.2264166,0.4089546,0.2399711,34.86679,0.2527832
693.9348,525.3455,8324,19509,3.632915,0.1829272,0.5213296,-0.3468383,35.35745,0.2441566
693.9095,525.6528,8325,19509,3.516389,0.1865033,0.346149,-0.449857,35.16029,0.2875959
694.0833,526.0297,8326,19509,3.578083,0.1692354,0.5739989,0.1108231,35.03087,0.268855
693.9196,526.2681,8327,19509,3.400288,0.1887015,0.4622425,0.08703571,34.86842,0.2502789
693.3268,526.1312,8328,19509,3.481071,0.1637728,0.5877386,-0.1149349,35.21034,0.4050774
693.5997,525.9647,8329,19509,3.521054,0.1732737,0.4093712,0.1027996,35.3363,0.3246913
693.7409,525.9734,8330,19509,3.378673,0.1942693,0.561448,-0.05811946,35.07783,0.4259186
693.9604,526.0556,8331,19509,3.616658,0.1502798,0.4270644,0.2135249,35.36714,0.4249804
692.9886,526.416,8332,19509,3.46916,0.2038932,0.5191858,0.1717631,34.93526,0.1984913
692.144,526.6246,8333,19509,3.501224,0.187784,0.5592525,-0.2300638,35.13119,0.3249703
691.805,526.866,8334,19509,3.302054,0.2506568,0.4392818,-0.2087157,34.76523,0.2321801
692.325,526.8593,8335,19509,3.609389,0.1866129,0.5127358,-0.1964005,34.9556,0.2659368
692.5656,526.7156,8336,19509,3.340959,0.2389609,0.3916543,-0.1267273,34.64347,0.2912815
692.9498,526.771,8337,19509,3.413337,0.2051331,0.4558911,-0.09659199,34.61701,0.3005444
693.29,526.811,8338,19509,3.424281,0.1952535,0.5144953,-0.005103701,34.79703,0.3130747
693.5732,526.6469,8339,19509,3.34684,0.2375787,0.4975118,-0.02097197,34.55719,0.3194318
693.2897,526.7892,8340,19509,3.44226,0.2210025,0.4851311,0.1037558,34.67921,0.2890161
693.2271,526.5406,8341,19509,3.260592,0.2550223,0.4646992,0.03839751,34.39025,0.2744854
693.024,526.5004,8342,19509,3.398015,0.2386969,0.5157676,-0.1472055,35.04409,0.1969102
692.671,526.433,8343,19509,3.296357,0.2642008,0.4168211,-0.1198329,34.72114,0.24647
692.4071,526.4839,8344,19509,3.243876,0.3091166,0.4652082,-0.07865996,34.6057,0.272728
692.8656,526.5825,8345,19509,3.393567,0.2236411,0.485078,-0.1190819,34.87809,0.3071781
692.9113,526.1761,8346,19509,3.43795,0.2357084,0.5084314,-0.2237256,34.75163,0.2391377
693.4414,526.0333,8347,19509,3.49516,0.2063169,0.4860082,-0.09417093,35.29217,0.3852619
693.1608,526.5974,8348,19509,3.41953,0.2655289,0.4841541,0.0691516,34.82824,0.1847981
694.1421,526.4893,8349,19509,3.457176,0.2686772,0.4344578,-0.02178317,34.75279,0.3333786
694.047,526.6233,8350,19509,3.40468,0.2576816,0.440034,0.0248241,34.76287,0.3414272
693.719,526.6854,8351,19509,3.326813,0.2877681,0.4172671,-0.00376437,34.4915,0.3113726
694.0753,527.0031,8352,19509,3.372946,0.3287978,0.4994059,0.2533394,34.13479,0.2720872
694.0117,527.2776,8353,19509,3.574606,0.2652085,0.4419982,0.5461249,34.57475,0.3293675
693.8187,527.2185,8354,19509,3.454956,0.2855517,0.4704549,0.2130901,34.26871,0.3850151
694.0637,527.0947,8355,19509,3.431893,0.2916653,0.4417609,0.1825915,34.40219,0.3660642
694.4179,526.9781,8356,19509,3.316551,0.3121012,0.4566784,0.2524953,34.21292,0.411734
694.2723,527.493,8357,19509,3.38988,0.2899939,0.3585897,0.4794642,34.22873,0.3534266
694.5142,527.7233,8358,19509,3.594522,0.2330604,0.4571282,0.4745649,34.65979,0.4501117
694.4377,526.887,8359,19509,3.561326,0.2641192,0.2940269,0.414951,34.58374,0.3801499
694.4086,526.784,8360,19509,3.453371,0.2650701,0.444006,0.1542352,34.5097,0.4871589
694.603,526.8057,8361,19509,3.488658,0.2915713,0.3331599,0.5128539,34.37678,0.3335521
694.6572,526.7631,8362,19509,3.272501,0.3702743,0.3966093,0.1513359,33.94303,0.385107
694.3899,526.9673,8363,19509,3.400756,0.3306073,0.3839681,0.3543934,34.60753,0.3518611
693.7328,526.8514,8364,19509,3.270282,0.3611101,0.4761933,0.1083475,34.18818,0.2882844
693.3541,526.8847,8365,19509,3.32771,0.347614,0.425931,0.08526754,34.42078,0.3197825
693.7339,526.5359,8366,19509,3.345719,0.3457839,0.5088574,-0.01560919,34.31591,0.2719204
694.1061,526.689,8367,19509,3.41949,0.2872781,0.3842799,0.2227494,34.29714,0.3346849
694.4083,526.6512,8368,19509,3.397528,0.2866828,0.5546516,0.1989046,34.76901,0.3336534
694.8271,526.5479,8369,19509,3.297181,0.3217634,0.3882817,0.1939759,34.42778,0.3227012
694.8224,526.2571,8370,19509,3.417033,0.2672159,0.4551496,-0.01376943,34.72247,0.3591964
694.6662,526.0493,8371,19509,3.416791,0.2895732,0.342996,0.2726929,34.8569,0.2588703
694.9894,525.9517,8372,19509,3.212653,0.3189196,0.5442293,0.07598096,34.3892,0.293407
695.1362,525.6658,8373,19509,3.424863,0.2864901,0.2790006,0.341854,34.73021,0.2498911
694.8173,525.9205,8374,19509,3.261008,0.3013079,0.4813927,-0.01286585,34.58347,0.3056686
694.6292,526.4271,8375,19509,3.352324,0.3138909,0.3557949,0.1878635,34.19014,0.3266148
694.4531,526.6556,8376,19509,3.303962,0.2872191,0.474817,0.09376552,34.23104,0.3710615
694.6306,526.5576,8377,19509,3.384117,0.2981104,0.4072095,0.2969947,34.18512,0.3004759
694.3858,526.7896,8378,19509,3.295555,0.3458071,0.4411845,0.154267,34.04868,0.3218418
694.1797,526.7949,8379,19509,3.388667,0.2917606,0.4500504,0.2063224,34.63528,0.3920945
694.2177,526.6332,8380,19509,3.320861,0.3120633,0.4810589,0.138858,34.30581,0.3616485
694.6343,526.5431,8381,19509,3.383592,0.3119103,0.2282965,0.08364724,34.12769,0.3919143
694.8767,526.3076,8382,19509,3.43768,0.2888388,0.4765006,0.3141596,34.69031,0.3594068
694.4752,526.2799,8383,19509,3.352502,0.3053605,0.4526138,0.2028285,34.39769,0.3523948
694.105,526.4536,8384,19509,3.450218,0.2557805,0.5499178,0.08607052,34.70244,0.4465995
694.3705,526.5399,8385,19509,3.321376,0.3085082,0.4399788,0.0808318,34.12074,0.4831518
694.2986,526.5367,8386,19509,3.326341,0.3189852,0.4791444,-0.04758359,33.93895,0.2752168
694.9467,526.3739,8387,19509,3.319191,0.3004886,0.3864825,0.09960856,34.33529,0.3219217
694.9774,526.5616,8388,19509,3.457597,0.2527672,0.5399575,0.1770621,34.47759,0.3819336
694.576,526.4058,8389,19509,3.403057,0.2804067,0.4221073,0.01818195,34.33148,0.2537875
693.9604,526.5445,8390,19509,3.419558,0.291915,0.5920091,0.01263398,34.62274,0.3188733
693.7896,526.5557,8391,19509,3.348425,0.286194,0.4020071,0.1222314,34.23086,0.4325398
694.3763,526.3718,8392,19509,3.34807,0.2785404,0.5222378,0.08601862,34.43675,0.4173582
694.8264,525.9764,8393,19509,3.499255,0.2818806,0.3848944,0.3144288,34.58903,0.4324389
694.6584,526.2731,8394,19509,3.326821,0.3130651,0.4984425,0.07787594,34.58254,0.4986562
694.5444,525.9292,8395,19509,3.392201,0.3267538,0.4699382,0.2631848,34.59867,0.2876614
694.8222,526.286,8396,19509,3.289622,0.298306,0.4940264,0.01190749,34.5717,0.4143921
694.6355,526.4672,8397,19509,3.346726,0.3301976,0.4607091,0.2025436,34.40683,0.4252128
694.7341,526.5751,8398,19509,3.283283,0.3474448,0.4862212,0.2461073,34.25642,0.492335
694.4512,526.4438,8399,19509,3.283476,0.3684218,0.3938745,-0.09067225,34.06742,0.3807805
694.016,526.1777,8400,19509,3.317901,0.3078759,0.5244163,-0.06746565,34.68494,0.3131285
694.1838,525.8257,8401,19509,3.310868,0.3313446,0.3046285,0.1736933,34.63429,0.2723242
693.8204,526.0327,8402,19509,3.232706,0.3202858,0.5093016,-0.1661012,34.57329,0.35576
693.6665,525.9907,8403,19509,3.305197,0.3166466,0.5048991,-0.03392155,34.67466,0.3939751
693.3615,526.0148,8404,19509,3.312484,0.2936975,0.5549878,-0.1241852,34.55164,0.1902875
694.1045,526.0185,8405,19509,3.384686,0.2583124,0.4575397,0.1414553,34.79404,0.3766727
693.4412,526.3705,8406,19509,3.528718,0.2412376,0.595232,-0.03800962,34.98994,0.1913687
693.7278,526.6191,8407,19509,3.391616,0.2642017,0.3703019,0.04514472,34.6379,0.369355
692.9846,527.1167,8408,19509,3.50269,0.2107243,0.4468436,0.06213399,34.9255,0.3565737
693.2967,526.5287,8409,19509,3.394722,0.230053,0.4920137,0.06706204,34.88548,0.4011216
693.423,526.2504,8410,19509,3.379333,0.225663,0.5474315,-0.04785073,35.19752,0.3281084
693.8356,525.8976,8411,19509,3.239987,0.2969038,0.3508371,0.1641432,34.58966,0.2744204
694.1088,525.551,8412,19509,3.390531,0.2467321,0.567962,-0.02983177,35.02715,0.2398527
693.4694,525.8748,8413,19509,3.275565,0.3073525,0.4267277,0.09405947,34.49419,0.3098271
693.1866,525.9713,8414,19509,3.370737,0.27639,0.5381314,-0.1612315,35.03337,0.2317675
693.6661,526.0031,8415,19509,3.323795,0.278715,0.4044201,-0.03739536,34.76142,0.2606178
694.1301,525.3114,8416,19509,3.304017,0.2956718,0.4337614,-0.187911,34.90868,0.1666246
694.1846,524.7445,8417,19509,3.59011,0.2193029,0.404322,-0.5687443,35.50494,0.2536476
693.9677,525.078,8418,19509,3.435828,0.2509637,0.4544085,-0.4652269,35.17178,0.2062378
694.0519,525.4808,8419,19509,3.58682,0.2841688,0.1717106,-0.7355404,35.1699,0.2801408
693.7258,525.5399,8420,19509,3.302227,0.3019098,0.4861093,-0.07868156,34.61182,0.2326916
693.4763,525.4339,8421,19509,3.465535,0.2780772,0.4462636,-0.2369035,34.78487,0.3595075
693.8659,525.5146,8422,19509,3.327053,0.276738,0.5005804,-0.1736291,34.8169,0.1757246
693.9876,525.7868,8423,19509,3.362449,0.3089399,0.3982587,0.185486,34.49509,0.3075919
693.8696,525.8441,8424,19509,3.368753,0.2912056,0.4680225,-0.175967,34.51962,0.2566586
693.7144,525.8288,8425,19509,3.415771,0.2429439,0.4111768,0.2016014,34.76958,0.4761352
693.8491,525.6044,8426,19509,3.391035,0.237744,0.5616804,-0.09661412,34.83845,0.2811533
693.933,525.2686,8427,19509,3.518408,0.203042,0.2734571,-0.1745805,35.2685,0.3500604
693.7619,525.6019,8428,19509,3.468817,0.2200331,0.531368,-0.1993627,35.04578,0.1182645
693.2589,525.6648,8429,19509,3.386011,0.2542336,0.4426098,-0.4356417,35.23168,0.2981578
692.7571,525.978,8430,19509,3.270287,0.3091696,0.4447833,-0.238191,34.76019,0.1708991
693.076,526.1564,8431,19509,3.23868,0.3073463,0.4494421,-0.2896819,34.66312,0.2325809
692.7063,526.5754,8432,19509,3.255222,0.3492712,0.4566271,-0.1226506,34.67883,0.321438
692.7687,526.4715,8433,19509,3.250042,0.3585562,0.4714917,-0.09378843,34.65817,0.395981
692.73,526.3442,8434,19509,3.190681,0.3555745,0.4899338,-0.1523132,34.66112,0.2233592
693.2174,526.6293,8435,19509,3.271054,0.3243483,0.4512587,-0.1138987,34.81696,0.321088
692.9074,526.926,8436,19509,3.172713,0.3955008,0.3793399,0.0893493,34.44787,0.2632252
692.8905,526.8621,8437,19509,3.195085,0.3653016,0.4531151,-0.05452426,34.6565,0.290713
693.1749,526.5264,8438,19509,3.22859,0.360877,0.4581874,-0.05090808,35.01448,0.2827791
693.525,526.1676,8439,19509,3.216303,0.3157281,0.4726124,0.07567273,34.7818,0.3363268
693.9154,526.3323,8440,19509,3.385889,0.2896225,0.5549805,0.02339848,34.84114,0.3236836
694.1722,526.2548,8441,19509,3.263723,0.3264596,0.3973685,0.1564789,34.66138,0.2882095
694.0798,526.0784,8442,19509,3.24198,0.3329721,0.4883547,0.08508865,34.38942,0.2999058
693.8011,526.3999,8443,19509,3.3089,0.3310696,0.4310219,0.02705431,34.73102,0.4030979
693.9662,526.1918,8444,19509,3.206952,0.3473319,0.5056052,-0.04728846,34.64101,0.2995853
694.4644,525.9229,8445,19509,3.349601,0.2931632,0.404646,0.1128334,34.6691,0.2295302
694.5241,526.4573,8446,19509,3.305087,0.3026241,0.4527383,0.1410554,34.38765,0.3779971
694.8483,526.2959,8447,19509,3.299638,0.3397497,0.411733,0.3329199,34.91901,0.3084934
695.0881,526.2095,8448,19509,3.182441,0.3576891,0.4755621,0.08640674,34.62662,0.3186214
695.0227,525.9244,8449,19509,3.248959,0.3287459,0.3957377,0.1078629,34.80583,0.2293326
695.3176,526.301,8450,19509,3.370713,0.3088907,0.4968815,0.2181589,34.7766,0.2987564
695.5341,526.0571,8451,19509,3.286056,0.3412355,0.4279881,0.2390778,34.6147,0.2298839
694.8068,526.8669,8452,19509,3.35025,0.3115351,0.5051542,0.1907796,34.52482,0.3799751
694.5942,526.8728,8453,19509,3.412269,0.3295313,0.3555943,0.4365238,34.79046,0.3315527
694.5684,527.0316,8454,19509,3.487393,0.2713371,0.4867791,0.2012594,35.04641,0.353736
695.0275,526.8359,8455,19509,3.483014,0.3157475,0.4017664,0.5039462,34.80247,0.2418923
694.9904,526.7499,8456,19509,3.32288,0.3366145,0.4778205,0.1580677,34.33968,0.3155036
694.5566,527.2234,8457,19509,3.231508,0.3743895,0.4713735,0.5385145,34.28198,0.3563443
694.5778,527.4937,8458,19509,3.243985,0.3936209,0.390076,0.4959881,34.12698,0.4283358
694.7781,527.6352,8459,19509,3.423864,0.3416512,0.3901728,0.909475,34.64799,0.3914946
694.4766,528.2943,8460,19509,3.495621,0.3568401,0.425929,1.14715,34.20046,0.4310358
694.5158,528.4218,8461,19509,3.446111,0.338383,0.4098391,0.8600091,34.25306,0.4569987
694.0577,528.2127,8462,19509,3.423627,0.3513119,0.3823394,0.7934133,34.47254,0.4402072
693.9304,528.3823,8463,19509,3.374439,0.3498571,0.468053,1.052529,34.403,0.4348018
694.0892,528.8491,8464,19509,3.318667,0.3278709,0.3718136,0.9900561,34.52041,0.4911229
693.7521,529.0546,8465,19509,3.327622,0.3297893,0.4602098,1.025818,34.45565,0.4168453
693.6895,529.0699,8466,19509,3.388381,0.3443469,0.415219,1.088963,34.44648,0.4172683
694.0547,528.8745,8467,19509,3.365206,0.3511935,0.3454983,1.276337,34.40207,0.4237736
694.4119,528.5221,8468,19509,3.328167,0.35006,0.3350312,1.011002,33.93918,0.4539813
694.5374,528.1758,8469,19509,3.322774,0.3618528,0.4921288,0.8708536,34.1791,0.4113063
694.3522,528.3848,8470,19509,3.34409,0.3439495,0.385231,0.8318749,34.00149,0.4661175
694.1741,528.6862,8471,19509,3.344325,0.3391219,0.4361543,0.989591,34.315,0.481607
694.2633,528.6077,8472,19509,3.478146,0.3101373,0.4368047,0.9840625,34.29253,0.5413441
694.4133,528.3442,8473,19509,3.436274,0.3244435,0.4750491,0.8536089,34.3891,0.4772834
694.5083,528.0739,8474,19509,3.420414,0.3643084,0.4138876,0.955374,34.41607,0.3850077
694.5042,528.4987,8475,19509,3.369937,0.3438965,0.4349485,1.00067,33.81479,0.3460875
694.1218,528.4276,8476,19509,3.405949,0.3659169,0.4339335,0.9716248,34.24678,0.4473909
693.8129,528.8115,8477,19509,3.492987,0.3207908,0.416977,1.132611,34.46948,0.4782683
693.7709,528.7663,8478,19509,3.210047,0.3933713,0.2187298,0.4352771,33.97961,0.4635979
694.016,528.5389,8479,19509,3.379276,0.3385341,0.4291612,1.052156,34.28751,0.497743
694.199,528.2767,8480,19509,3.426939,0.3393327,0.4071656,0.8443373,34.08751,0.4462119
694.2305,528.4775,8481,19509,3.399831,0.3737796,0.4212121,1.060176,33.81904,0.3988606
694.5435,528.3196,8482,19509,3.336958,0.384161,0.4069762,0.8180297,33.93733,0.4301507
694.9792,527.765,8483,19509,3.396581,0.3490858,0.5082958,0.8705349,34.5108,0.4513878
694.7787,527.2829,8484,19509,3.395107,0.3344363,0.4110413,0.6653711,34.5983,0.3589155
694.5929,526.815,8485,19509,3.421292,0.3139991,0.4493621,0.5021662,34.86439,0.4177357
694.6952,527.4019,8486,19509,3.456297,0.334223,0.3885576,0.7519422,34.50231,0.4324307
694.6577,527.3401,8487,19509,3.459608,0.3259785,0.4049543,0.8777397,34.7321,0.4370733
694.8972,527.6146,8488,19509,3.578685,0.3066421,0.4606198,0.8078427,34.8301,0.5383072
694.103,527.7294,8489,19509,3.500919,0.3333629,0.3962749,0.752784,34.6527,0.3664161
693.9757,527.9224,8490,19509,3.393025,0.3241748,0.320072,0.5453103,34.61524,0.4869089
693.958,527.8245,8491,19509,3.401592,0.3295409,0.4783984,0.7760028,34.53343,0.5263774
693.9069,527.5662,8492,19509,3.462572,0.26649,0.4204875,0.3614699,34.96296,0.6037459
693.9783,527.3443,8493,19509,3.492612,0.3033525,0.3103274,0.6708245,34.84965,0.5352442
693.6313,527.2052,8494,19509,3.37713,0.3175368,0.3474786,0.1162728,34.64201,0.4268125
694.3439,527.0165,8495,19509,3.292752,0.3509922,0.398207,0.1534472,34.58244,0.4356727
694.863,526.8757,8496,19509,3.309246,0.3755035,0.4219877,0.3306907,34.46412,0.3701746
694.6533,527.231,8497,19509,3.472783,0.3200706,0.4221355,0.6238179,34.8987,0.4141494
694.9893,527.375,8498,19509,3.333928,0.3567778,0.3543856,0.4887432,34.47451,0.3269716
695.5695,526.9981,8499,19509,3.377353,0.3125634,0.4540613,0.5151063,34.66351,0.3865227
696.204,526.1493,8500,19509,3.420175,0.3289165,0.4713899,0.2923349,34.90668,0.3110315
695.3925,526.2005,8501,19509,3.452114,0.3093789,0.4944265,0.4980355,34.90952,0.3032711
695.1406,526.4278,8502,19509,3.343389,0.3333727,0.5282708,0.3550607,34.73748,0.3156565
695.1812,526.7772,8503,19509,3.37684,0.3610395,0.4405764,0.6898576,34.8726,0.3349033
695.496,526.3257,8504,19509,3.346907,0.2771677,0.4409068,0.2085906,34.67102,0.4647032
695.4349,526.2468,8505,19509,3.453999,0.2856043,0.449943,0.5342509,35.06833,0.3611361
694.8588,526.4083,8506,19509,3.531851,0.2229331,0.5490384,0.312887,35.12574,0.4666669
694.6207,525.9297,8507,19509,3.582441,0.2024308,0.4647987,0.4480012,35.49858,0.3889746
694.4703,525.8238,8508,19509,3.34796,0.2288576,0.5673318,0.07073774,35.12091,0.3166854
694.8853,525.5286,8509,19509,3.457773,0.3059994,0.21955,0.7050622,34.87658,0.1923147
695.4347,525.3463,8510,19509,3.265887,0.250917,0.4704581,0.07691876,35.07871,0.2814146
695.4174,525.067,8511,19509,3.330558,0.2745131,0.2462261,1.301767,35.05971,0.2245781
694.9081,525.524,8512,19509,3.254542,0.2920761,0.4537905,0.1698248,35.03408,0.2312858
694.8555,525.7894,8513,19509,3.419123,0.2932095,0.3760566,0.4895177,35.07811,0.3519576
695.2242,526.2457,8514,19509,3.325276,0.2913919,0.4189939,0.3039259,35.20209,0.366892
695.2352,526.5182,8515,19509,3.486714,0.2922187,0.442142,0.6025072,34.99323,0.3780126
695.7909,526.2324,8516,19509,3.366621,0.3011369,0.4612646,0.3149636,35.10236,0.4610382
696.0927,526.1076,8517,19509,3.420322,0.3041202,0.457482,0.61393,35.18888,0.2539009
695.7968,526.385,8518,19509,3.366632,0.3240514,0.4372814,0.2108943,34.96946,0.3417446
695.8317,526.6093,8519,19509,3.4557,0.3095694,0.4324876,0.6084148,34.91696,0.3893344
696.5693,526.6183,8520,19509,3.511983,0.2826551,0.5489849,0.5147511,34.90453,0.4694251
696.7059,526.3083,8521,19509,3.382035,0.3023144,0.3744329,0.4323106,34.67387,0.2793574
697.1674,525.887,8522,19509,3.549282,0.2860951,0.4964777,0.4712507,35.07119,0.3355124
697.4091,525.3453,8523,19509,3.516969,0.2760643,0.4401031,0.6012076,34.89776,0.2493892
697.8915,525.2653,8524,19509,3.629164,0.2295274,0.4629509,0.6707685,35.01228,0.4084218
698.322,524.8338,8525,19509,3.809696,0.2146551,0.4532462,0.6055728,35.45062,0.3070821
697.8922,524.9896,8526,19509,3.645985,0.2595322,0.4701006,0.6665767,35.25481,0.3950293
697.6157,525.0915,8527,19509,3.649054,0.2595322,0.4681295,0.6740429,35.07003,0.2534153
698.0295,524.758,8528,19509,3.600095,0.2664554,0.5046589,0.8053609,35.02874,0.2560162
698.2136,524.3956,8529,19509,3.699982,0.2556859,0.4562993,0.6466861,35.11918,0.3148805
698.2104,524.2296,8530,19509,3.656777,0.2461119,0.4839442,0.8134853,35.38968,0.447915
698.1775,524.3015,8531,19509,3.776013,0.2312048,0.5114341,0.6277086,35.42763,0.2366861
698.2344,524.4295,8532,19509,3.651212,0.2542237,0.4555022,0.7766038,35.3045,0.468077
698.3671,524.3842,8533,19509,3.755035,0.2420729,0.4850938,0.4589263,35.50615,0.3378378
698.3994,524.4811,8534,19509,3.617727,0.2537816,0.4504206,0.608022,35.34237,0.4040841
698.0173,524.3293,8535,19509,3.708561,0.2386123,0.5195901,0.5202543,35.25074,0.3153797
698.5252,524.6436,8536,19509,3.60803,0.2534184,0.4339133,0.5255635,35.4771,0.4851037
698.1751,524.5015,8537,19509,3.659209,0.2417588,0.4826998,0.4720977,35.25434,0.3262189
698.0484,524.4946,8538,19509,3.587476,0.2668885,0.4460191,0.5035428,35.24502,0.4010379
698.1943,524.3873,8539,19509,3.700063,0.2409223,0.4425989,0.6102519,35.38382,0.257149
698.0271,524.7435,8540,19509,3.528569,0.264669,0.3625759,0.3511897,35.38915,0.2285805
698.1094,524.2795,8541,19509,3.712906,0.2306876,0.4409083,0.8100187,35.53422,0.3535042
698.3266,524.4083,8542,19509,3.603014,0.249416,0.4416706,0.9898437,35.3325,0.3077144
697.976,524.4571,8543,19509,3.699533,0.2382455,0.4237006,0.8300706,35.26803,0.3415293
698.1766,524.6345,8544,19509,3.62594,0.2411612,0.4460756,0.8761823,35.32045,0.3945803
697.9248,524.4188,8545,19509,3.675262,0.2422269,0.4533378,0.7213068,35.29571,0.3169632
697.9339,524.9006,8546,19509,3.559861,0.2779676,0.4117171,0.9734909,35.17152,0.3249861
697.9414,524.7411,8547,19509,3.533516,0.2516721,0.3933415,1.045644,35.16557,0.2239128
698.1274,524.7719,8548,19509,3.54209,0.301794,0.4103515,0.7594565,34.97194,0.2870246
697.7189,524.8408,8549,19509,3.630845,0.2691746,0.4284007,0.7330704,35.16753,0.1627215
698.2414,524.5336,8550,19509,3.596261,0.2509738,0.4298042,0.8638662,35.49443,0.2878737
698.0139,524.1572,8551,19509,3.756766,0.2373485,0.4466823,0.5027633,35.47907,0.2630592
698.1616,524.1801,8552,19509,3.672804,0.2232152,0.4371147,0.8454287,35.69841,0.4109762
697.9935,524.0153,8553,19509,3.677825,0.2445281,0.4234206,0.4375156,35.45978,0.2075595
698.1548,524.2491,8554,19509,3.544867,0.258523,0.4083135,0.7443002,35.67183,0.3664846
698.0641,524.1758,8555,19509,3.728558,0.2540352,0.4835413,0.5263283,35.3766,0.2385625
697.7017,524.5003,8556,19509,3.643673,0.2305057,0.4144393,0.6497576,35.70778,0.3594787
697.7211,524.4987,8557,19509,3.655654,0.2462298,0.3323763,0.5010043,35.42401,0.1952918
697.748,524.8206,8558,19509,3.600205,0.2720622,0.4528507,0.5559659,35.21246,0.3028887
698.015,524.9498,8559,19509,3.72174,0.2523517,0.4711025,0.6060438,34.91825,0.2621659
697.7484,524.8649,8560,19509,3.661947,0.2621281,0.4694015,0.6456422,35.22598,0.3738144
697.5326,524.7796,8561,19509,3.534408,0.2747505,0.4201744,0.4876733,35.28739,0.2613572
697.6648,524.7354,8562,19509,3.537318,0.2709455,0.4851448,0.7752266,35.22534,0.3332528
697.6963,524.4698,8563,19509,3.735225,0.2403897,0.4895485,0.6616419,35.52973,0.1754183
697.7141,524.58,8564,19509,3.574771,0.2521563,0.4491422,0.7659158,35.3494,0.2535873
697.6922,524.2495,8565,19509,3.787213,0.2498267,0.5107344,0.592195,35.38612,0.2691568
697.5804,524.7166,8566,19509,3.657528,0.2479332,0.3731419,0.6963617,35.36874,0.2148568
697.5714,524.4124,8567,19509,3.752798,0.2256151,0.4230187,0.5976889,35.60186,0.1836487
697.5345,524.7386,8568,19509,3.526337,0.2679976,0.3994373,0.710915,35.45463,0.3377254
697.4022,524.5809,8569,19509,3.606872,0.2532178,0.3936617,0.70926,35.16957,0.2055048
697.4945,524.5695,8570,19509,3.538759,0.2427667,0.4349523,0.7036096,35.30925,0.3440456
697.6298,524.2948,8571,19509,3.658225,0.258879,0.4111837,0.6713873,35.5634,0.2315163
697.6198,524.6502,8572,19509,3.722124,0.2316687,0.4628155,0.6552221,35.61363,0.2259644
697.6779,524.1549,8573,19509,3.620373,0.2685989,0.2987943,0.4926024,35.27018,0.1184977
697.8054,524.2171,8574,19509,3.582754,0.2302077,0.3439618,0.6538873,35.49303,0.2099498
697.6208,523.8516,8575,19509,3.474465,0.2335538,0.3405507,0.005196886,35.34966,0.1578531
697.9457,524.2646,8576,19509,3.576368,0.2403051,0.3659136,0.6227912,35.6276,0.2777681
697.7941,524.3024,8577,19509,3.585695,0.260864,0.4170309,0.6266478,35.21943,0.17467
697.7793,524.7419,8578,19509,3.489382,0.2890358,0.3948961,0.4995755,35.37441,0.2052023
697.934,524.5482,8579,19509,3.646894,0.2401776,0.3957312,0.5219476,35.32442,0.2029974
698.0138,524.4298,8580,19509,3.564149,0.2501035,0.426807,0.8409035,35.44811,0.3809256
697.6674,524.6635,8581,19509,3.74493,0.2406483,0.3878843,0.6166551,35.59895,0.09943514
697.6215,524.5283,8582,19509,3.574133,0.2383322,0.439669,0.8542176,35.41398,0.2772986
697.5288,524.4751,8583,19509,3.670167,0.2153764,0.4178986,0.917674,35.73466,0.2213333
697.7211,524.6873,8584,19509,3.72724,0.2437687,0.3777447,0.653764,35.68115,0.2972522
697.8076,524.3011,8585,19509,3.755819,0.2304567,0.4559882,0.5166484,35.45947,0.2232482
698.0159,524.4149,8586,19509,3.638713,0.2375045,0.4035793,0.839742,35.64184,0.3571911
697.9033,524.0308,8587,19509,3.750546,0.225529,0.3475723,0.6260304,35.56136,0.2052703
697.83,524.39,8588,19509,3.609236,0.2447738,0.4255762,0.677882,35.2815,0.3813497
697.8281,524.2417,8589,19509,3.723873,0.2052861,0.4256481,0.4750081,35.5406,0.2161279
698.2679,524.2524,8590,19509,3.664788,0.2311701,0.3772075,0.6113232,35.60651,0.4669299
698.0026,524.2506,8591,19509,3.708004,0.2405507,0.4721742,0.5050018,35.14737,0.1817779
697.74,524.6923,8592,19509,3.609524,0.2655212,0.4266626,0.6543617,35.19307,0.3113674
697.7791,524.5003,8593,19509,3.680992,0.2295144,0.3952942,0.6002752,35.42456,0.235737
697.7656,524.285,8594,19509,3.689926,0.2310445,0.4474551,0.7043287,35.31151,0.4108219
697.5704,524.3324,8595,19509,3.661894,0.2177156,0.4211455,0.7208273,35.41849,0.2411163
697.4639,524.317,8596,19509,3.632202,0.2301405,0.4328518,0.6207737,35.70884,0.3401427
697.5487,523.915,8597,19509,3.764362,0.2071804,0.4743713,0.6341705,35.45669,0.2290823
698.0634,524.2107,8598,19509,3.706191,0.2008482,0.5110276,0.7317142,35.55244,0.5582812
698.0698,523.9426,8599,19509,3.832624,0.2197071,0.5129027,0.5387955,35.35482,0.3385834
698.0848,524.186,8600,19509,3.747102,0.2075939,0.4604903,0.750222,35.71075,0.3385093
697.9554,524.0846,8601,19509,3.779633,0.2115954,0.4824585,0.6154473,35.28615,0.3101295
697.6636,524.5551,8602,19509,3.538117,0.2348535,0.4472777,0.8556592,35.41689,0.2712944
697.6797,524.0718,8603,19509,3.730467,0.2016805,0.499121,0.6884701,35.96791,0.3361461
697.7549,524.1749,8604,19509,3.588997,0.2381757,0.5275388,0.6731273,35.41973,0.2969412
697.78,523.8934,8605,19509,3.75739,0.2180279,0.4236946,0.6341227,35.75993,0.1947417
697.9219,524.2834,8606,19509,3.499502,0.2651209,0.4675661,0.7260177,35.40064,0.3407972
697.6597,524.0131,8607,19509,3.664749,0.2393026,0.4429776,0.7355083,35.58422,0.3096621
697.5397,524.5108,8608,19509,3.66749,0.2352974,0.490978,0.5232382,35.73796,0.3607729
697.582,524.0992,8609,19509,3.644706,0.2105554,0.353673,0.6368735,35.75476,0.1751162
697.6957,524.5087,8610,19509,3.528984,0.2740078,0.3793642,0.4043828,35.33829,0.3691357
697.834,524.2379,8611,19509,3.666193,0.2340032,0.4049858,0.3792459,35.47334,0.1919762
698.0175,524.3607,8612,19509,3.64201,0.2243628,0.4463688,0.6860661,35.55903,0.4067967
698.1509,524.2917,8613,19509,3.656827,0.2454684,0.4014153,0.9462634,35.33345,0.1560808
698.1873,524.4042,8614,19509,3.590196,0.2781047,0.2938907,0.7306454,34.9304,0.3086887
698.0346,524.3667,8615,19509,3.701401,0.2536215,0.3690324,0.4078871,35.11647,0.2235343
698.2314,524.7703,8616,19509,3.614152,0.2738674,0.3851834,0.824982,34.79322,0.3023458
698.2231,524.5446,8617,19509,3.73589,0.2490679,0.4068298,0.5919345,35.06242,0.2756011
698.1736,524.5641,8618,19509,3.653713,0.2455004,0.4116039,0.8562114,35.29673,0.4914294
698.1584,524.678,8619,19509,3.6301,0.2588311,0.339077,0.8278254,34.77555,0.3609771
697.9018,524.7005,8620,19509,3.721442,0.2452587,0.4469965,0.6415944,35.50539,0.3974972
698.1002,524.4688,8621,19509,3.637992,0.2406294,0.4763273,0.8417397,35.15793,0.352895
698.3434,524.8268,8622,19509,3.673293,0.2806134,0.5005013,0.6779563,34.97702,0.4643706
698.2394,524.8072,8623,19509,3.694741,0.2534552,0.4748382,0.7055834,34.82695,0.4104671
697.7764,524.7269,8624,19509,3.617621,0.2512434,0.5356159,0.63454,35.28774,0.2173136
697.6954,524.7972,8625,19509,3.596079,0.2667136,0.5093649,0.5571569,35.14525,0.2726421
697.7117,524.857,8626,19509,3.542969,0.2861634,0.4743542,0.6290362,34.98168,0.2587723
697.5994,524.5215,8627,19509,3.751509,0.2256347,0.5149422,0.4928378,35.31787,0.1657568
697.7319,524.3897,8628,19509,3.723663,0.224009,0.4850193,0.6442515,35.51916,0.2511814
697.6592,524.3289,8629,19509,3.678105,0.2332549,0.5006918,0.6382232,35.43185,0.3061101
697.5157,524.6635,8630,19509,3.540562,0.259128,0.4713697,0.6449593,35.19138,0.2759187
697.686,524.3386,8631,19509,3.630617,0.2511086,0.4421483,0.5691273,35.09602,0.2757191
697.8458,524.4545,8632,19509,3.668606,0.237143,0.4873539,0.6320148,35.51821,0.315522
698.109,524.0269,8633,19509,3.75257,0.2176321,0.4778573,0.4580506,35.38238,0.4331076
698.1202,524.1567,8634,19509,3.68487,0.2198772,0.4698053,0.6660241,35.43716,0.4367026
697.8785,524.2216,8635,19509,3.684124,0.2471731,0.4554432,0.498128,35.09371,0.1810003
697.9857,524.1703,8636,19509,3.619353,0.2257867,0.442145,0.8554849,35.44878,0.4212068
697.9337,524.2698,8637,19509,3.790452,0.238893,0.4566985,0.4729224,35.2711,0.223915
697.9635,524.4368,8638,19509,3.690411,0.2400626,0.4961926,0.6389818,35.40884,0.4950794
698.3427,523.916,8639,19509,3.833833,0.2240685,0.5363048,0.5185708,35.60561,0.3673835
698.2375,524.2745,8640,19509,3.693181,0.2427585,0.4833868,0.6826079,35.31741,0.3724928
697.8387,524.1602,8641,19509,3.804476,0.2283739,0.4729732,0.6222739,35.34461,0.2102216
697.8115,524.5672,8642,19509,3.568777,0.2777438,0.4049962,0.4235294,34.99911,0.3019034
697.6836,524.5553,8643,19509,3.716031,0.2337967,0.4426515,0.7080415,35.41372,0.1345222
698.0128,524.6744,8644,19509,3.514791,0.2751995,0.3723021,0.8306612,34.94067,0.3093925
697.8074,524.4071,8645,19509,3.734275,0.2325961,0.3900498,0.5631137,35.28192,0.2326506
697.9634,524.6223,8646,19509,3.635322,0.2805742,0.4241095,0.6558714,34.82475,0.2637378
697.836,524.4641,8647,19509,3.694117,0.2363165,0.4578581,0.4917594,35.20551,0.2622369
697.8292,524.7845,8648,19509,3.576344,0.2669665,0.4640437,0.5985129,35.17546,0.3227764
698.0801,524.3707,8649,19509,3.718028,0.2427677,0.512736,0.5493828,35.18261,0.3263499
697.9446,524.4789,8650,19509,3.645111,0.2388891,0.4601966,0.4640701,35.26212,0.4423958
698.1031,524.5228,8651,19509,3.706388,0.2436071,0.4651773,0.5254513,35.09834,0.3414112
698.0895,524.5511,8652,19509,3.623896,0.2709542,0.5184314,0.7026658,35.15328,0.4176733
697.7954,524.1197,8653,19509,3.714903,0.2100588,0.4794794,0.6332823,35.30691,0.3413437
697.7288,524.2314,8654,19509,3.59504,0.2095922,0.4080111,0.835808,35.41836,0.4568495
697.4282,524.1206,8655,19509,3.670105,0.2068239,0.3911789,0.432293,35.65258,0.2948776
697.7344,524.4498,8656,19509,3.434874,0.2477544,0.4698378,0.828231,35.02877,0.2708997
697.7332,524.4844,8657,19509,3.615011,0.2651006,0.4450735,0.4958546,35.06561,0.2227831
697.8774,524.5046,8658,19509,3.57649,0.2589793,0.4553101,0.574991,34.86291,0.3549383
697.5779,524.1919,8659,19509,3.618616,0.2374741,0.4363345,0.6464962,35.17504,0.3521048
697.9254,524.6078,8660,19509,3.648543,0.2536359,0.4624511,0.7797692,35.09208,0.3602046
698.2875,524.0474,8661,19509,3.759856,0.2244185,0.402904,0.6707318,35.18568,0.3240549
697.845,523.8423,8662,19509,3.729341,0.2058103,0.4827757,0.8109819,35.3352,0.3229405
698.0701,523.9986,8663,19509,3.767576,0.2315795,0.4341409,0.5317944,35.14095,0.3161667
698.2501,524.459,8664,19509,3.824001,0.2238646,0.4316432,0.5367315,35.5733,0.4203466
698.1457,524.2272,8665,19509,3.704589,0.2656316,0.4425249,0.5294856,34.8747,0.297667
698.2148,524.4872,8666,19509,3.692646,0.249029,0.4126672,0.5835685,34.87513,0.4278167
697.9975,524.4141,8667,19509,3.704967,0.2714011,0.4370331,0.4400889,34.82058,0.1892338
698.0102,524.3686,8668,19509,3.585851,0.2657204,0.4665818,0.6903566,35.16887,0.3818104
697.7808,524.2789,8669,19509,3.711714,0.2538026,0.4108602,0.6684806,34.94041,0.2594729
697.6704,524.5692,8670,19509,3.615839,0.2696569,0.4038191,0.6449595,35.1501,0.227769
697.7596,524.0942,8671,19509,3.702388,0.2551605,0.4241535,0.5905155,35.15598,0.1805525
697.5797,524.3268,8672,19509,3.524859,0.2710445,0.4188039,0.888532,34.83685,0.2440133
697.8575,524.1476,8673,19509,3.597176,0.2703033,0.3585116,0.7125147,34.78588,0.1000106
697.9096,524.3063,8674,19509,3.660634,0.2320864,0.4057829,0.5775682,35.41705,0.3513693
698.0304,523.9989,8675,19509,3.62845,0.2489837,0.4187375,0.3035144,35.10089,0.2089834
697.9358,524.3162,8676,19509,3.696486,0.2150847,0.423162,0.7238975,35.38051,0.534768
697.5191,524.3792,8677,19509,3.682605,0.2449672,0.3805798,0.5278131,35.45476,0.1919578
697.7065,524.7565,8678,19509,3.570125,0.2684413,0.4067729,0.6723647,35.21405,0.2926373
697.9319,524.7324,8679,19509,3.673561,0.2444299,0.3394694,0.363296,35.11687,0.2333752
698.1385,524.8388,8680,19509,3.683866,0.2525651,0.3872333,0.5539505,34.94025,0.2802867
698.134,524.7485,8681,19509,3.679245,0.2651552,0.3635994,0.6289674,34.694,0.2026735
698.4609,524.7443,8682,19509,3.540205,0.3238596,0.405277,0.834174,34.19076,0.3229527
698.0955,525.079,8683,19509,3.659844,0.2709563,0.4291715,0.3833407,34.70606,0.2542893
698.1058,524.9316,8684,19509,3.674336,0.2795135,0.4706725,0.5233074,34.69516,0.3571878
698.2446,524.9798,8685,19509,3.677081,0.2977991,0.4128377,0.4250448,34.59915,0.2275112
698.7281,525.0834,8686,19509,3.671324,0.2985874,0.316443,0.5717926,34.45881,0.3813924
698.6838,524.7274,8687,19509,3.700746,0.2718967,0.3904617,0.5792094,34.75613,0.2400946
698.5998,524.7425,8688,19509,3.607516,0.315311,0.4710668,0.6359236,34.66756,0.3576285
698.2958,524.5884,8689,19509,3.609472,0.2837909,0.4692865,0.6477173,34.60072,0.257343
698.2933,524.788,8690,19509,3.636411,0.2741456,0.4482688,0.6064401,34.34778,0.4190105
698.0904,524.6904,8691,19509,3.686414,0.2978778,0.4936009,0.6331006,34.36454,0.2588163
698.0865,524.6469,8692,19509,3.59387,0.2860062,0.3692115,0.818294,34.85048,0.3898711
697.9716,524.2472,8693,19509,3.732862,0.2498395,0.3023661,0.7533745,34.87464,0.3009444
698.1594,524.5477,8694,19509,3.607913,0.2616707,0.399329,0.7893362,34.91446,0.4127827
697.8939,524.4448,8695,19509,3.608018,0.2659206,0.4179593,0.5964705,35.0565,0.2390506
697.7532,524.9372,8696,19509,3.501849,0.2903412,0.3809058,0.8203579,34.9632,0.2684632
697.6809,524.6455,8697,19509,3.618958,0.2580023,0.4249586,0.4887143,34.85405,0.242303
697.8774,524.5807,8698,19509,3.743563,0.2333041,0.4762283,0.6782646,35.21435,0.5429831
697.8417,524.5652,8699,19509,3.638355,0.2582182,0.4283887,0.6238024,35.21006,0.2506456
697.9137,524.6861,8700,19509,3.66332,0.2708216,0.391364,0.6886692,35.07172,0.2823375
698.0363,524.494,8701,19509,3.707437,0.2578996,0.4820335,0.5132277,35.14666,0.2329092
698.2999,524.5926,8702,19509,3.593969,0.2751152,0.3635693,0.5561456,34.82142,0.3117152
698.2209,524.1674,8703,19509,3.608558,0.2511396,0.4348374,0.4252751,35.00791,0.3060211
698.1071,524.3972,8704,19509,3.719231,0.2348247,0.3985135,0.5225486,35.0881,0.4058568
698.0039,523.8116,8705,19509,3.731613,0.2423005,0.4493937,0.4376435,35.15078,0.3377337
698.1093,523.9333,8706,19509,3.590047,0.21553,0.4973247,0.961556,35.24253,0.6032163
698.1554,523.7141,8707,19509,3.821748,0.218308,0.49414,0.5194387,35.40609,0.4412184
697.7863,524.2466,8708,19509,3.666936,0.2275883,0.477131,0.7093152,35.00483,0.4520843
697.7676,524.4588,8709,19509,3.747117,0.2233934,0.4892338,0.571119,35.2699,0.3020911
697.7253,524.7681,8710,19509,3.60752,0.2508474,0.4344736,0.5189269,35.29259,0.4486893
697.7745,524.3303,8711,19509,3.756872,0.2212969,0.3739252,0.6026366,35.52885,0.3544881
697.9915,524.6656,8712,19509,3.658837,0.2459342,0.4197692,0.6006268,35.11068,0.4884472
698.1054,524.6332,8713,19509,3.63648,0.2562567,0.4308127,0.6506799,34.87141,0.3705862
697.7326,524.9763,8714,19509,3.461903,0.3032405,0.4435632,0.4825373,35.02197,0.3632673
697.9211,524.9877,8715,19509,3.664427,0.2574625,0.4459156,0.4489316,34.8415,0.2629039
698.109,524.8098,8716,19509,3.534539,0.2851861,0.5110496,0.6373174,35.09611,0.4413636
697.6696,524.9989,8717,19509,3.573969,0.2697752,0.5043257,0.3844273,35.19356,0.243438
697.9817,525.2823,8718,19509,3.551083,0.2855661,0.4030203,0.4955958,34.82771,0.4185466
697.9051,525.1971,8719,19509,3.633146,0.2563931,0.4811286,0.3949541,34.52299,0.2797989
697.7094,525.1959,8720,19509,3.538659,0.2807782,0.4387871,0.2617218,34.59644,0.3439377
697.4249,524.9198,8721,19509,3.574242,0.2648439,0.4516659,0.3429954,34.77961,0.2833319
697.5718,525.1108,8722,19509,3.586251,0.2629032,0.4878915,0.463001,35.05533,0.3198025
697.5023,525.1736,8723,19509,3.478189,0.2883948,0.410223,0.3398688,34.42197,0.221072
697.652,525.3039,8724,19509,3.548767,0.2699111,0.445641,0.3252005,34.55538,0.2811767
697.7232,524.9544,8725,19509,3.670398,0.2599938,0.4667526,0.3645955,34.84344,0.2586672
698.0715,524.9888,8726,19509,3.577054,0.2905114,0.4602427,0.5342724,34.73302,0.2383855
697.9384,524.7598,8727,19509,3.727169,0.2416716,0.4933577,0.4657933,35.11197,0.310113
697.8251,524.7305,8728,19509,3.703154,0.2496047,0.4205563,0.7162778,35.18287,0.371566
698.0983,524.3941,8729,19509,3.784541,0.2177499,0.4699343,0.4867893,35.07353,0.3135341
697.8962,524.6921,8730,19509,3.683842,0.2295866,0.3986869,0.6000227,35.30344,0.3626119
697.456,524.7197,8731,19509,3.669394,0.2410799,0.4023178,0.5756736,35.16928,0.3599517
697.5112,524.8911,8732,19509,3.524845,0.2748596,0.417795,0.5469296,35.15892,0.3497269
697.5816,524.897,8733,19509,3.548665,0.2762621,0.4800651,0.4616375,34.86186,0.2020934
697.923,524.889,8734,19509,3.599273,0.2712601,0.4662973,0.6576964,34.91948,0.3330332
